epoch,train_acc,val_acc
1,0.726027397260274,1.0
2,0.9383561643835616,1.0
3,0.9246575342465754,1.0
4,0.958904109589041,1.0
5,0.958904109589041,1.0
